{"appName":"ADMIN WEBSITE ","appIconPath":"favicon.png","splashPath":"favicon.png","packageName":"com.admin.irfan","versionName":"1.0.0","versionCode":1,"isFullscreen":false,"isHideTitleBar":true,"titleBarBackgroundColor":"#3F51B5","isAllowLongClick":false,"isShowLoadingUI":false,"isAllowZoom":false,"isPCMode":false,"isAllowAutoplay":false,"homePage":"admin.html","withPHPEnv":false,"PHPPort":57249,"isAllowSwipeRefresh":false,"isAllowCamera":false,"isAllowMicrophone":false,"screenRotationMethod":0}